url,title
https://wikibook.co.kr/math-model/,데이터 분석을 위한 수리 모델 입문
https://wikibook.co.kr/bigdata2021/,이지패스 2021 빅데이터분석기사 필기 (수험서 앱 제공)
https://wikibook.co.kr/pwdrev/,직장인을 위한 데이터 분석 실무 with 파이썬 (개정판)
https://wikibook.co.kr/pyexcel/,일 잘하는 직장인을 위한 엑셀 자동화 with 파이썬
https://wikibook.co.kr/ugemg/,유니티 게임 이펙트 마스터 가이드
https://wikibook.co.kr/docker-kube-rev/,시작하세요! 도커/쿠버네티스 (개정판)
https://wikibook.co.kr/gamkt/,마케팅 성공률을 높여주는 구글 애널리틱스
https://wikibook.co.kr/ddd/,도메인 주도 설계 철저 입문
https://wikibook.co.kr/global-projects/,아무도 가르쳐 주지 않는 글로벌 프로젝트 관리
https://wikibook.co.kr/sideranch/,프로 일러스트레이터가 알려주는 캐릭터 채색 테크닉 [결정판]:
https://wikibook.co.kr/mjs/,모던 자바스크립트 Deep Dive
https://wikibook.co.kr/nlp-tf2/,텐서플로 2와 머신러닝으로 시작하는 자연어 처리 (개정판)
https://wikibook.co.kr/data-analytics/,데이터 애널리틱스
https://wikibook.co.kr/ga/,구글 애널리틱스 완벽 입문
https://wikibook.co.kr/mymlrev/,나의 첫 머신러닝/딥러닝(개정판)
https://wikibook.co.kr/pyda100/,파이썬 데이터 분석 실무 테크닉 100
https://wikibook.co.kr/odsg/,오브젝트 디자인 스타일 가이드
https://wikibook.co.kr/sql/,하루 10분 SQL
https://wikibook.co.kr/uxui/,이것이 UX/UI 디자인이다
https://wikibook.co.kr/dataviz/,데이터가 한눈에 보이는 시각화
https://wikibook.co.kr/kalman/,수학으로 풀어보는 칼만 필터 알고리즘
https://wikibook.co.kr/bigdata2nd/,실무로 배우는 빅데이터 기술 (개정2판)
https://wikibook.co.kr/dl-vision/,실전! 텐서플로 2를 활용한 딥러닝 컴퓨터 비전
https://wikibook.co.kr/ai-iot/,사물인터넷을 위한 인공지능
https://wikibook.co.kr/hacker/,"침투 본능, 해커의 기술"
https://wikibook.co.kr/csharp-unity/,처음 배우는 C# 프로그래밍
https://wikibook.co.kr/rpa/,RPA로 만드는 나만의 디지털 로봇 비서
https://wikibook.co.kr/linux-kernel-2/,디버깅을 통해 배우는 리눅스 커널의 구조와 원리 -2-
https://wikibook.co.kr/linux-kernel-1/,디버깅을 통해 배우는 리눅스 커널의 구조와 원리 -1-
https://wikibook.co.kr/dltrading-rev/,파이썬과 케라스를 이용한 딥러닝/강화학습 주식투자(개정판)
https://wikibook.co.kr/pystock/,손가락 하나 까딱하지 않는 주식 거래 시스템 구축
https://wikibook.co.kr/serum/,세럼 사운드 디자인 비법
https://wikibook.co.kr/rlrev/,파이썬과 케라스로 배우는 강화학습 (개정판)
https://wikibook.co.kr/xai/,"XAI 설명 가능한 인공지능, 인공지능을 해부하다"
https://wikibook.co.kr/mathdl/,딥러닝을 위한 수학
https://wikibook.co.kr/entry-arduino/,한 권에 모두 담은 엔트리와 아두이노
https://wikibook.co.kr/tracing/,마스터링 분산 추적
https://wikibook.co.kr/cna/,클라우드 네이티브 아키텍처
https://wikibook.co.kr/mathrl/,수학으로 풀어보는 강화학습 원리와 알고리즘
https://wikibook.co.kr/stock-trading/,파이썬과 리액트를 활용한 주식 자동거래 시스템 구축
https://wikibook.co.kr/pymldg-rev/,파이썬 머신러닝 완벽 가이드 (개정판)
https://wikibook.co.kr/hackinglab/,나만의 해킹 랩 만들기
https://wikibook.co.kr/spring-vuejs/,실전! 스프링 5와 Vue.js 2로 시작하는 모던 웹 애플리케이션 개발 
https://wikibook.co.kr/logicprox-104-rev/,Logic Pro X 10.4 개정증보판
https://wikibook.co.kr/tf2/,시작하세요! 텐서플로 2.0 프로그래밍
https://wikibook.co.kr/playwithdata/,직장인을 위한 데이터 분석 실무 with 파이썬
https://wikibook.co.kr/math-ds-rev/,데이터 분석을 떠받치는 수학(개정판)
https://wikibook.co.kr/html-css/,러닝스쿨! 한 권으로 끝내는 HTML+CSS 웹 디자인 입문
https://wikibook.co.kr/docker-kube/,시작하세요! 도커/쿠버네티스
https://wikibook.co.kr/tensorflow-mlagents/,텐서플로와 유니티 ML-Agents로 배우는 강화학습
https://wikibook.co.kr/pyml-rev/,"파이썬을 이용한 머신러닝, 딥러닝 실전 개발 입문 (개정판)"
https://wikibook.co.kr/rlnn/,기초부터 시작하는 강화학습/신경망 알고리즘
https://wikibook.co.kr/csharp80/,시작하세요! C# 8.0 프로그래밍
https://wikibook.co.kr/practical-gan/,실전! GAN 프로젝트
https://wikibook.co.kr/python-math/,파이썬으로 다시 배우는 핵심 고등 수학
https://wikibook.co.kr/transfer-learning/,파이썬을 활용한 딥러닝 전이학습
https://wikibook.co.kr/was/,웹 애플리케이션 보안 완벽 가이드
https://wikibook.co.kr/on-writing/,개발자의 글쓰기
https://wikibook.co.kr/linear-algebra/,엔지니어를 위한 선형대수
https://wikibook.co.kr/keras/,케라스로 구현하는 고급 딥러닝 알고리즘
https://wikibook.co.kr/corejs/,코어 자바스크립트
https://wikibook.co.kr/smartfactory/,그림으로 이해하는 스마트팩토리
https://wikibook.co.kr/opencv4/,C#과 파이썬을 활용한 OpenCV 4 프로그래밍
https://wikibook.co.kr/gan/,실전 예제로 배우는 GAN
https://wikibook.co.kr/python-crawler/,파이썬을 활용한 크롤러 개발과 스크레이핑 입문
https://wikibook.co.kr/vrar/,절대강좌! 유니티 VR/AR
https://wikibook.co.kr/blockchain-cs/,컴퓨터과학으로 배우는 블록체인 원리와 구현
https://wikibook.co.kr/microservices-in-action/,마이크로서비스 인 액션
https://wikibook.co.kr/practical-hlf/,실전! 하이퍼레저 패브릭
https://wikibook.co.kr/spring5-reactive/,실전! 스프링 5를 활용한 리액티브 프로그래밍
https://wikibook.co.kr/ml-solutions/,전문가를 위한 머신러닝 솔루션
https://wikibook.co.kr/app-inventor-2-rev/,시작하세요! 앱 인벤터 2 (개정판)
https://wikibook.co.kr/object/,오브젝트
https://wikibook.co.kr/motion5/,시작하세요! Motion 5
https://wikibook.co.kr/securing-devops/,클라우드 환경에서의 데브옵스 보안
https://wikibook.co.kr/python-real-estate/,파이썬을 활용한 부동산 데이터 분석
https://wikibook.co.kr/csharp73/,시작하세요! C# 7.3 프로그래밍
https://wikibook.co.kr/super-connected/,초연결사회의 탄생
https://wikibook.co.kr/blockchain-by-python/,파이썬으로 배우는 블록체인 구조와 이론
https://wikibook.co.kr/hyperledger-fabric/,하이퍼레저 패브릭 철저 입문
https://wikibook.co.kr/vuejs/,Vue.js 철저 입문
https://wikibook.co.kr/coreml/,실전! Core ML을 활용한 머신러닝 iOS 앱 개발
https://wikibook.co.kr/python-for-data-analysis-rev/,데이터 분석을 위한 파이썬 철저 입문 (개정증보판)
https://wikibook.co.kr/practical-elasticsearch/,엘라스틱서치 실무 가이드
https://wikibook.co.kr/python-ml-app-dev/,"파이썬을 이용한 머신러닝, 딥러닝 실전 앱 개발"
https://wikibook.co.kr/unity-bible/,유니티 게임 프로그래밍 바이블
https://wikibook.co.kr/amazon-rules/,아마존 룰
https://wikibook.co.kr/docker-kubernetes/,도커/쿠버네티스를 활용한 컨테이너 개발 실전 입문
https://wikibook.co.kr/algorithm-trading-rev/,파이썬으로 배우는 알고리즘 트레이딩 (개정판)
https://wikibook.co.kr/springboot-microservices/,스프링 부트를 활용한 마이크로서비스 개발
https://wikibook.co.kr/ml-definitive-guide/,파이썬 머신러닝 완벽 가이드
https://wikibook.co.kr/fcpx-104-revised/,시작하세요! Final Cut Pro X 10.4 (개정증보판)
https://wikibook.co.kr/nlp/,텐서플로와 머신러닝으로 시작하는 자연어 처리
https://wikibook.co.kr/practical-deep-learning/,실전! 딥러닝
https://wikibook.co.kr/deep-learning-reference/,딥러닝 모델 설계를 떠받치는 기술
https://wikibook.co.kr/aws-infra/,서비스 운영이 쉬워지는 AWS 인프라 구축 가이드
https://wikibook.co.kr/php-mysql/,생활코딩! PHP+MySQL
https://wikibook.co.kr/html-css-js/,생활코딩! HTML+CSS+자바스크립트
https://wikibook.co.kr/machine-learning/,나의 첫 머신러닝/딥러닝
https://wikibook.co.kr/tensorflow/,텐서플로로 시작하는 딥러닝 입문
https://wikibook.co.kr/nodejs-microservices/,실전! Node.js 마이크로서비스 개발
https://wikibook.co.kr/pytorch-drl/,PyTorch를 활용한 강화학습/심층강화학습 실전 입문
https://wikibook.co.kr/aws-design-migration/,AWS 시스템 설계와 마이그레이션
https://wikibook.co.kr/react-redux/,모던 리액트/리덕스 프로그래밍
https://wikibook.co.kr/cybersecurity-with-blockchain/,블록체인으로 구현하는 사이버 보안
https://wikibook.co.kr/tensorflow-projects/,실전활용! 텐서플로 딥러닝 프로젝트
https://wikibook.co.kr/unity-ml-agents/,따라 하면서 배우는 유니티 ML-Agents
https://wikibook.co.kr/mastering-spring-cloud/,마스터링 스프링 클라우드
https://wikibook.co.kr/pytorch/,"PyTorch를 활용한 머신러닝, 딥러닝 철저 입문"
https://wikibook.co.kr/future-techs/,교양으로서의 테크놀러지
https://wikibook.co.kr/easy-deep-learning/,가장 쉬운 딥러닝 입문 교실
https://wikibook.co.kr/logic-pro-x-104/,Logic Pro X 10.4
https://wikibook.co.kr/neural-deep-learning/,초보자를 위한 신경망 딥러닝 입문
https://wikibook.co.kr/solidity-essentials/,솔리디티 프로그래밍 에센셜
https://wikibook.co.kr/python-for-data-analysis/,데이터 분석을 위한 파이썬 철저 입문
https://wikibook.co.kr/data-analysis-with-r/,시작하세요! 데이터 분석 with R
https://wikibook.co.kr/raspberry-pi-3/,라즈베리 파이 3 입문과 실전 활용
https://wikibook.co.kr/design-for-behavior-change/,마음을 움직이는 디자인 원리
https://wikibook.co.kr/crawling-essentials/,크롤링 핵심 가이드
https://wikibook.co.kr/ctf-workbook/,정보보안 콘테스트를 위한 CTF 문제집
https://wikibook.co.kr/math-for-data-science/,데이터 분석을 떠받치는 수학
https://wikibook.co.kr/deep-learning-trading/,파이썬과 케라스를 이용한 딥러닝/강화학습 주식투자
https://wikibook.co.kr/unity-2018/,절대강좌! 유니티
https://wikibook.co.kr/cryptocurrency-trading/,파이썬으로 만드는 암호화폐 자동 거래 시스템
https://wikibook.co.kr/opencv3/,러닝! OpenCV 3
https://wikibook.co.kr/fcpx-104/,시작하세요! Final Cut Pro X 10.4
https://wikibook.co.kr/infra-security/,인프라 보안
https://wikibook.co.kr/learn-math/,프로그래머가 알려주는 수학
https://wikibook.co.kr/data-intensive-applications/,데이터 중심 애플리케이션 설계
https://wikibook.co.kr/spark2nd/,빅데이터 분석을 위한 스파크 2 프로그래밍 [개정판]
https://wikibook.co.kr/agile-data-science/,애자일 데이터 과학 2.0
https://wikibook.co.kr/exploring-raspberry-pi/,익스플로링 라즈베리 파이
https://wikibook.co.kr/python-for-web-scraping/,파이썬을 이용한 웹 크롤링과 스크레이핑
https://wikibook.co.kr/introducing-spring-framework/,스프링 철저 입문
https://wikibook.co.kr/math-for-ml/,기초 수학으로 이해하는 머신러닝 알고리즘
https://wikibook.co.kr/introducing-data-science/,파이썬으로 배우는 데이터 과학 입문과 실습
https://wikibook.co.kr/real-mongodb/,Real MongoDB
https://wikibook.co.kr/data-science-with-excel/,엑셀을 활용한 데이터 과학 실무 입문
https://wikibook.co.kr/practical-csharp/,프랙티컬 C#
https://wikibook.co.kr/ethereum-solidity/,이더리움과 솔리디티 입문
https://wikibook.co.kr/serverless-architecture-on-aws/,AWS 기반 서버리스 아키텍처
https://wikibook.co.kr/google-analytics/,구글 애널리틱스 완벽 가이드
https://wikibook.co.kr/nodejs-react/,모던 자바스크립트 개발자를 위한 리액트 프로그래밍
https://wikibook.co.kr/blockchain-solidity/,블록체인 애플리케이션 개발 실전 입문
https://wikibook.co.kr/learning-computer-architecture/,라즈베리 파이로 배우는 컴퓨터 아키텍처
https://wikibook.co.kr/deep-learning-with-tensorflow/,정석으로 배우는 딥러닝
https://wikibook.co.kr/learning-angular/,러닝! Angular 4
https://wikibook.co.kr/vrar-lecture/,절대강좌! VR/AR
https://wikibook.co.kr/intelligent-web-algorithms/,지능형 웹 알고리즘
https://wikibook.co.kr/ansible/,앤서블 철저 입문
https://wikibook.co.kr/real-world-machine-learning/,리얼월드 머신러닝
https://wikibook.co.kr/python-ds-handbook/,파이썬 데이터 사이언스 핸드북
https://wikibook.co.kr/beginning-csharp-71/,시작하세요! C# 7.1 프로그래밍
https://wikibook.co.kr/bigdata-revised/,실무 프로젝트로 배우는 빅데이터 기술(개정증보판)
https://wikibook.co.kr/swift-3-app-development/,실전강좌! 아이폰 앱 프로그래밍
https://wikibook.co.kr/html-css-design/,최신 표준 HTML5+CSS3 디자인
https://wikibook.co.kr/vue-js-2/,쉽고 빠르게 배우는 Vue.js 2 프로그래밍
https://wikibook.co.kr/slack/,슬랙으로 협업하기
https://wikibook.co.kr/reinforcement-learning/,파이썬과 케라스로 배우는 강화학습
https://wikibook.co.kr/python-for-everyone/,러닝스쿨! 파이썬 교과서
https://wikibook.co.kr/code-complete-2/,Code Complete 코드 컴플리트 2
https://wikibook.co.kr/python-36-programming/,빠르게 활용하는 파이썬 3.6 프로그래밍
https://wikibook.co.kr/blockchain/,블록체인 구조와 이론
https://wikibook.co.kr/python-machine-learning/,"파이썬을 이용한 머신러닝, 딥러닝 실전 개발 입문"
https://wikibook.co.kr/advanced-android-book/,안드로이드 개발 레벨업 교과서
https://wikibook.co.kr/algorithm-trading/,파이썬으로 배우는 알고리즘 트레이딩
https://wikibook.co.kr/logic-pro-x-103/,Logic Pro X 10.3
https://wikibook.co.kr/software-requirements-3rd/,Software Requirement 소프트웨어 요구사항 3
https://wikibook.co.kr/ai/,최신 인공지능
https://wikibook.co.kr/docker/,시작하세요! 도커
https://wikibook.co.kr/python-for-sysadmin/,파이썬 실무 프로그래밍
https://wikibook.co.kr/framer/,모바일 앱 프로토타이핑
https://wikibook.co.kr/unity5-shader-and-effect/,따라 하면서 배우는 유니티5 셰이더와 이펙트 입문
https://wikibook.co.kr/web-security/,취약점 진단 스타트 가이드
https://wikibook.co.kr/spark/,빅데이터 분석을 위한 스파크 2 프로그래밍
https://wikibook.co.kr/bigdata/,실무 프로젝트로 배우는 빅데이터 기술
https://wikibook.co.kr/100-more-things-for-designers/,모든 기획자와 디자이너가 알아야 할 사람에 대한 또 다른 100가지 사실
https://wikibook.co.kr/angular-2/,쉽고 빠르게 배우는 Angular 2 프로그래밍
https://wikibook.co.kr/java-for-everyone/,생활코딩! 자바 프로그래밍 입문
https://wikibook.co.kr/beginning-react/,시작하세요! 리액트 프로그래밍
https://wikibook.co.kr/swift-app-development/,아이폰 앱 개발 교과서 (초보 입문용)
https://wikibook.co.kr/linux-kernel-networking/,리눅스 커널 네트워킹
https://wikibook.co.kr/unity-game-effects/,유니티 게임 이펙트 입문
https://wikibook.co.kr/ugui/,유니티 UI 디자인 교과서
https://wikibook.co.kr/ctf/,CTF 정보보안 콘테스트 챌린지 북
https://wikibook.co.kr/rdb-in-practice/,관계형 데이터베이스 실전 입문
https://wikibook.co.kr/ai-by-algorithm/,"알고리즘으로 배우는 인공지능, 머신러닝, 딥러닝 입문"
https://wikibook.co.kr/ez-powerpoint/,EZ의 맛있는 파워포인트 디자인 168
https://wikibook.co.kr/machine-learning-theory/,머신러닝 이론 입문
https://wikibook.co.kr/pro-react/,프로 리액트
https://wikibook.co.kr/flask-revised/,파이썬 웹 프로그래밍 (개정증보판)
https://wikibook.co.kr/laravel-5-programming/,쉽게 배우는 라라벨 5 프로그래밍
https://wikibook.co.kr/appliednsm/,실전 네트워크 보안 모니터링
https://wikibook.co.kr/beginning-hadoop-programming-2rev/,시작하세요! 하둡 프로그래밍 (개정2판)
https://wikibook.co.kr/aws-for-infra-design/,아마존 웹 서비스를 이용한 글로벌 서비스 인프라 설계
https://wikibook.co.kr/netty-in-action/,네티 인 액션
https://wikibook.co.kr/blog-branding-revised/,블로그 브랜딩 (개정증보판)
https://wikibook.co.kr/excel-textbook/,절대 엑셀
https://wikibook.co.kr/vmware-nsx/,알기 쉽게 설명한 VMware NSX
https://wikibook.co.kr/unity-5-by-example/,핵심강좌! 유니티5
https://wikibook.co.kr/java-of-things/,사물인터넷을 위한 자바
https://wikibook.co.kr/logic-pro-x-102/,Logic Pro X 10.2 (개정판)
https://wikibook.co.kr/naver-writing-revised/,웹 기획자가 알아야 할 서비스 글쓰기의 모든 것 (개정판)
https://wikibook.co.kr/app-inventor-2/,시작하세요! 앱 인벤터 2
https://wikibook.co.kr/practical-performance-tuning/,실무로 배우는 시스템 성능 최적화
https://wikibook.co.kr/systems-performance/,시스템 성능 분석과 최적화
https://wikibook.co.kr/modern-web-design-book/,모던 웹사이트 디자인의 정석
https://wikibook.co.kr/jquery-mobile/,쉽게 따라 하는 모바일 웹 개발
https://wikibook.co.kr/ptal-reprint/,실용주의 사고와 학습 (재출간판)
https://wikibook.co.kr/peaa/,엔터프라이즈 애플리케이션 아키텍처 패턴
https://wikibook.co.kr/js-study-advanced/,자바스크립트+jQuery 완전정복 스터디 3: 중급/고급/활용편
https://wikibook.co.kr/js-study-jquery/,자바스크립트+jQuery 완전정복 스터디 2: jQuery편
https://wikibook.co.kr/js-study-basic/,자바스크립트+jQuery 완전정복 스터디 1: 기초편
https://wikibook.co.kr/wordpress-with-themes/,프리미엄 테마로 만드는 워드프레스 사이트
https://wikibook.co.kr/naver-mobile-testing/,네이버 모바일 테스트 이야기
https://wikibook.co.kr/building-server-infra/,서버/인프라 실전 구축 가이드
https://wikibook.co.kr/hello-python-2ed/,헬로! 파이썬 프로그래밍(개정증보판)
https://wikibook.co.kr/linux-server-security/,리눅스 서버 보안
https://wikibook.co.kr/beginning-csharp-6/,시작하세요! C# 6.0 프로그래밍
https://wikibook.co.kr/play-entry/,버그마왕과 엔트리월드의 위기
https://wikibook.co.kr/mysql-for-dba/,DBA를 위한 MySQL 운영 기술
https://wikibook.co.kr/programming-patterns/,프로그래밍 패턴
https://wikibook.co.kr/unity-5-lecture/,절대강좌! 유니티 5
https://wikibook.co.kr/vworld-mashup/,브이월드 매시업으로 만나는 새로운 세상
https://wikibook.co.kr/blog-branding/,블로그 브랜딩
https://wikibook.co.kr/unity-5-for-beginners/,유니티 5 게임 제작 가이드
https://wikibook.co.kr/spa-with-angularjs/,실전 프로젝트로 배우는 AngularJS
https://wikibook.co.kr/object-orientation/,객체지향의 사실과 오해
https://wikibook.co.kr/cubrid/,시작하세요! 큐브리드
https://wikibook.co.kr/practical-api-design/,자바 API 디자인
https://wikibook.co.kr/game-textbook/,유니티와 C#으로 배우는 게임 개발 교과서
https://wikibook.co.kr/bootstrap-for-wordpress/,트위터 부트스트랩으로 만드는 워드프레스 테마
https://wikibook.co.kr/scratch/,이야기와 게임으로 배우는 스크래치
https://wikibook.co.kr/java-oop-for-spring/,스프링 입문을 위한 자바 객체 지향의 원리와 이해
https://wikibook.co.kr/raspberry-pi/,라즈베리 파이로 구현하는 사물 인터넷 프로젝트
https://wikibook.co.kr/how-naver-works-java/,"네이버를 만든 기술, 읽으면서 배운다 - 자바편"
https://wikibook.co.kr/projavaforwebapps/,자바 웹 개발 완벽 가이드
https://wikibook.co.kr/elasticsearch/,시작하세요! 엘라스틱서치
https://wikibook.co.kr/visual-business-frameworks-69/,핵심정리 비즈니스 프레임워크 69
https://wikibook.co.kr/beginning-hadoop-programming-2ed/,시작하세요! 하둡 프로그래밍
https://wikibook.co.kr/remote/,리모트
https://wikibook.co.kr/linux-for-work/,리눅스를 활용한 회사 인프라 구축의 모든 것
https://wikibook.co.kr/ext-js-5/,프로페셔널 Ext JS 5 RIA 프로그래밍
https://wikibook.co.kr/unity-3d-lecture-2ed/,절대강좌! 유니티 3D (개정증보판)
https://wikibook.co.kr/reverse-engineering-bible-2ed/,리버스 엔지니어링 바이블 (재출간판)
https://wikibook.co.kr/unity-ngui/,따라 하면서 배우는 NGUI 유니티 2D 게임 프로그래밍
https://wikibook.co.kr/learn-pm-by-cases/,왜 시스템 개발만 하면 싸워댈까?
https://wikibook.co.kr/the-rules-of-genius-46/,천재의 원칙 46
https://wikibook.co.kr/modern-c-programming/,모던 C 언어 프로그래밍
https://wikibook.co.kr/beginning-front-end-development/,네이버는 이렇게 한다! 프런트엔드 개발 시작하기
https://wikibook.co.kr/python-in-practice/,파이썬 인 프랙티스
https://wikibook.co.kr/logic-pro-x-revised/,Logic Pro X (증보판)
https://wikibook.co.kr/nodejs-in-action/,Node.js 인 액션
https://wikibook.co.kr/beginning-spring-4/,시작하세요! 스프링 4 프로그래밍
https://wikibook.co.kr/vworld/,스마트라이프를 위한 브이월드 완벽 활용 가이드
https://wikibook.co.kr/evil-by-design/,사악한 디자인
https://wikibook.co.kr/jab-jab-jab-right-hook/,"잽, 잽, 잽, 라이트훅"
https://wikibook.co.kr/full-stack-javascript-development/,풀스택 자바스크립트 개발
https://wikibook.co.kr/spa/,단일 페이지 웹 애플리케이션
https://wikibook.co.kr/designing-together/,함께하는 디자인
https://wikibook.co.kr/sublime-text/,서브라임 텍스트
https://wikibook.co.kr/developer-english/,개발자 영어
https://wikibook.co.kr/data-just-right/,데이터는 언제나 옳다! 대규모 데이터 처리와 분석 실무
https://wikibook.co.kr/java-coding-with-pmd/,"자바 코딩, 이럴 땐 이렇게"
https://wikibook.co.kr/beginning-angularjs/,시작하세요! AngularJS 프로그래밍
https://wikibook.co.kr/presentation-patterns/,프레젠테이션 교과서
https://wikibook.co.kr/specification-by-example/,Specification by Example [한국어판]
https://wikibook.co.kr/real-mariadb/,Real MariaDB
https://wikibook.co.kr/diy-wordpress-shopping-mall/,DIY! 워드프레스 쇼핑몰
https://wikibook.co.kr/all-about-embedded/,임베디드의 모든 것
https://wikibook.co.kr/what-is-pentest/,모의해킹이란 무엇인가
https://wikibook.co.kr/beginning-cocos2d-x-3-0/,시작하세요! Cocos2d-x 3.0 프로그래밍
https://wikibook.co.kr/seductive-ux-ui-revised/,눈길을 사로잡는 스마트폰 앱 UX & UI 디자인 (개정증보판)
https://wikibook.co.kr/hello-python/,헬로! 파이썬 프로그래밍
https://wikibook.co.kr/unity-4-lecture/,절대강좌 유니티 4
https://wikibook.co.kr/naver-mobile-web-development/,쉽고 빠른 모바일 웹 UI 개발
https://wikibook.co.kr/flask/,파이썬 웹 프로그래밍
https://wikibook.co.kr/diy-wordpress/,DIY! 워드프레스
https://wikibook.co.kr/logic-pro-x/,Logic Pro X
https://wikibook.co.kr/responsive-web-design-revised/,반응형 웹디자인(증보판)
https://wikibook.co.kr/coding-horror-2/,코딩 호러가 들려주는 진짜 소프트웨어 개발 이야기
https://wikibook.co.kr/wordpress-shopping-mall/,워드프레스 쇼핑몰 만들기
https://wikibook.co.kr/beginning-csharp-programming/,시작하세요! C# 프로그래밍
https://wikibook.co.kr/this-is-ux-design/,이것이 UX 디자인이다
https://wikibook.co.kr/hadoop-in-practice/,하둡 인 프랙티스
https://wikibook.co.kr/how-to-get-people-to-do-stuff/,마음을 움직이는 심리학
https://wikibook.co.kr/project-guide-to-ux-design-2ed/,UX 디자인 프로젝트 가이드 2
https://wikibook.co.kr/coding-everybody/,생활코딩
https://wikibook.co.kr/naver-writing/,웹 기획자가 알아야 할 서비스 글쓰기의 모든 것
https://wikibook.co.kr/learning-unity-3d/,따라 하면서 배우는 유니티 3D 입문
https://wikibook.co.kr/the-functional-art/,The Functional Art
https://wikibook.co.kr/beginning-cocos2d-x-revised/,시작하세요! Cocos2d-x 프로그래밍 (증보판)
https://wikibook.co.kr/progressive-enhancement/,단계적 기능 향상을 이용한 모두를 위한 웹 디자인
https://wikibook.co.kr/webdongne-14-examples/,따라 하면서 배우는 HTML5 CSS3 jQuery JavaScript 실무 활용 14가지
https://wikibook.co.kr/devops/,데브옵스
https://wikibook.co.kr/smart-app-development/,손에 잡히는 삼성 스마트TV 앱 개발
https://wikibook.co.kr/beginning-ios-6-development/,시작하세요! iOS 6 프로그래밍
https://wikibook.co.kr/mobile-app-ads/,모바일 앱 광고 활용 가이드
https://wikibook.co.kr/amazon-web-services/,아마존 웹 서비스 완벽 활용법
https://wikibook.co.kr/twitter-bootstrap/,트위터 부트스트랩
https://wikibook.co.kr/effective-programming/,코딩 호러의 이펙티브 프로그래밍
https://wikibook.co.kr/professional-node-js/,프로페셔널 Node.js
https://wikibook.co.kr/responsive-web-design/,반응형 웹 디자인
https://wikibook.co.kr/system-hacking-techniques/,문제 풀이로 배우는 시스템 해킹 테크닉
https://wikibook.co.kr/perfect-javascript/,퍼펙트 자바스크립트
https://wikibook.co.kr/naver-ndrive/,"네이버 N드라이브, 1천만이 선택한 나만의 저장 공간"
https://wikibook.co.kr/nosql-programming/,NoSQL 프로그래밍
https://wikibook.co.kr/naver-web-accessibility/,웹 접근성 프로젝트 시작하기
https://wikibook.co.kr/seductive-ux-ui/,눈길을 사로잡는 스마트폰 앱 UX & UI 디자인
https://wikibook.co.kr/core-html5-canvas/,HTML5 캔버스 완벽 가이드
https://wikibook.co.kr/smooth-coffeescript/,시작하세요! 커피스크립트 프로그래밍
https://wikibook.co.kr/100-things-for-presenters/,모든 기획자와 프리젠터가 알아야 할 사람에 대한 100가지 사실
https://wikibook.co.kr/wordpress/,워드프레스 완벽 입문
https://wikibook.co.kr/pro-spring-3/,프로 스프링 3
https://wikibook.co.kr/reverse-engineering-bible/,리버스 엔지니어링 바이블
https://wikibook.co.kr/naver-javascript-performance/,자바스크립트 성능 이야기
https://wikibook.co.kr/naver-open-api/,NHN 오픈 API를 활용한 매시업
https://wikibook.co.kr/lifehacker/,라이프해커
https://wikibook.co.kr/android-ndk/,안드로이드 NDK 네이티브 프로그래밍
https://wikibook.co.kr/objective-c-handbook/,오브젝티브-C 핸드북
https://wikibook.co.kr/game-design-workshop/,게임 디자인 워크숍
https://wikibook.co.kr/jquery-1-7/,jQuery 1.7
https://wikibook.co.kr/cocos2d-javascript/,Cocos2D JavaScript를 이용한 HTML5 게임 개발
https://wikibook.co.kr/javascript-oop/,자바스크립트 객체지향 프로그래밍
https://wikibook.co.kr/endgame/,엔드게임
https://wikibook.co.kr/design-studio/,디자인 스튜디오와 함께하는 기획서 만들기
https://wikibook.co.kr/online-game-book/,온라인 게임을 지탱하는 기술
https://wikibook.co.kr/real-mysql/,Real MySQL
https://wikibook.co.kr/beginning-ios-5-development/,시작하세요! 아이폰 5 프로그래밍
https://wikibook.co.kr/android-recipe/,안드로이드 레시피
https://wikibook.co.kr/web-text/,프로가 되기 위한 웹 기술 입문
https://wikibook.co.kr/python-32-programming/,빠르게 활용하는 파이썬 3.2 프로그래밍
https://wikibook.co.kr/communicating-design-2ed/,UX 디자인 커뮤니케이션 2
https://wikibook.co.kr/phone-gap/,실전! 하이브리드 앱 개발을 위한 폰갭 프로그래밍
https://wikibook.co.kr/beginning-3d-game-development-with-unity/,시작하세요! Unity 3D 게임 프로그래밍
https://wikibook.co.kr/ddandongne-jquery/,jQuery를 활용한 인터랙티브 웹 콘텐츠 제작
https://wikibook.co.kr/100-things-for-designers/,모든 기획자와 디자이너가 알아야 할 사람에 대한 100가지 사실 
https://wikibook.co.kr/titanium-app-development/,시작하세요! 티타늄을 활용한 스마트폰 앱 개발
https://wikibook.co.kr/html5-css3-for-the-real-world/,HTML5 & CSS3 실전에서는 이렇게 쓴다!
https://wikibook.co.kr/software-restart/,"대한민국 소프트웨어, 리스타트"
https://wikibook.co.kr/app-inventor-for-android/,시작하세요! 앱 인벤터
https://wikibook.co.kr/mac-os-x-lion/,시작하세요! 맥 OS X 라이언
https://wikibook.co.kr/letting-go-of-the-words/,콘텐츠 UX 디자인
https://wikibook.co.kr/naver-javascript-ui-jindo/,NHN은 이렇게 한다! 자바스크립트 UI 개발과 Jindo 프레임워크
https://wikibook.co.kr/beginning-cocos2d-iphone/,시작하세요! cocos2d 아이폰 게임 프로그래밍
https://wikibook.co.kr/beginning-android-games/,시작하세요! 안드로이드 게임 프로그래밍
https://wikibook.co.kr/writing-for-yourself/,당신의 인생에 집필을 더하라
https://wikibook.co.kr/spring-maven/,스프링과 메이븐을 활용한 실전 프레임워크 설계와 구축
https://wikibook.co.kr/jquery-api-reference-guide/,jQuery API 레퍼런스 가이드
https://wikibook.co.kr/domain-driven-design/,도메인 주도 설계
https://wikibook.co.kr/pro-html5-programming/,프로 HTML5 프로그래밍
https://wikibook.co.kr/enterprise-iphone-ipad-administrators-guide/,엔터프라이즈 아이폰 & 아이패드 관리자 가이드
https://wikibook.co.kr/jboss-5/,빠르게 활용하는 JBoss 5
https://wikibook.co.kr/beginning-mobile-web-development/,시작하세요! 모바일 웹 개발
https://wikibook.co.kr/beginning-iphone-4-programming/,시작하세요! 아이폰 4 프로그래밍
https://wikibook.co.kr/chained-exploits/,이거 불법 아냐?
https://wikibook.co.kr/sqlite-3/,빠르게 활용하는 모바일 데이터베이스 SQLite 3
https://wikibook.co.kr/google-apps/,구글 앱스
https://wikibook.co.kr/adobe-flex-4-training-book/,Adobe FLEX 4 실전 트레이닝 북 
https://wikibook.co.kr/hello-world/,헬로! 컴퓨터 프로그래밍
https://wikibook.co.kr/css3-visual-quick-start-guide/,쉽고 빠르게 익히는 CSS3
https://wikibook.co.kr/spring-3-recipes/,스프링 3 레시피
https://wikibook.co.kr/eclipse-pdt/,이클립스 PDT
https://wikibook.co.kr/strategic-mobile-design/,모바일 디자인 전략
https://wikibook.co.kr/iphone-ipad-programming/,강행돌파! 아이폰 & 아이패드 프로그래밍
https://wikibook.co.kr/beginning-flash-android/,시작하세요! 플래시 안드로이드 프로그래밍
https://wikibook.co.kr/rethinking-sisyphus/,시지프스를 다시 생각하다
https://wikibook.co.kr/spring-security-3/,스프링 시큐리티 3
https://wikibook.co.kr/marketing-to-the-social-web/,소셜 웹 마케팅
https://wikibook.co.kr/high-performance-mysql/,MySQL 성능 최적화
https://wikibook.co.kr/building-scalable-web-sites/,스케일러블 웹사이트 구축
https://wikibook.co.kr/apple-vs-google/,애플 vs. 구글
https://wikibook.co.kr/rocket-surgery-made-easy/,"스티브 크룩의 사용성평가, 이렇게 하라!"
https://wikibook.co.kr/teach-yourself-android/,자율학습! 안드로이드 프로그래밍
https://wikibook.co.kr/inside-android/,인사이드 안드로이드
https://wikibook.co.kr/beginning-ipad-programming/,시작하세요! 아이패드 프로그래밍
https://wikibook.co.kr/naver-quality-practice/,소프트웨어 품질관리
https://wikibook.co.kr/speaking-in-styles/,스타일로 말해요!
https://wikibook.co.kr/java-persistence-with-hibernate/,하이버네이트 완벽 가이드
https://wikibook.co.kr/more-iphone-3-programming/,More 아이폰3 프로그래밍
https://wikibook.co.kr/php-6-mysql-5/,PHP 6 & MySQL 5
https://wikibook.co.kr/actionscript-3-0-animation/,액션스크립트 3.0 애니메이션
https://wikibook.co.kr/pragmatic-thinking-and-learning/,실용주의 사고와 학습
https://wikibook.co.kr/flash-builder-4-flex-4-bible/,플래시 빌더 4 & 플렉스 4 바이블
https://wikibook.co.kr/even-faster-web-sites/,초고속 웹사이트 구축
https://wikibook.co.kr/flash-on-devices/,플래시 ON 디바이스
https://wikibook.co.kr/manage-it/,매니지잇!
https://wikibook.co.kr/ux-design-project-guide/,UX 디자인 프로젝트 가이드
https://wikibook.co.kr/essential-silverlight-3/,에센셜 실버라이트 3
https://wikibook.co.kr/jquery-1-3/,jQuery 1.3 작고 강력한 자바스크립트 라이브러리
https://wikibook.co.kr/osgi-springdm/,실전 OSGi & SpringDM
https://wikibook.co.kr/pro-web-2-0-mashup/,프로 웹 2.0 매쉬업
https://wikibook.co.kr/open-brand/,오픈 브랜드
https://wikibook.co.kr/python-3-programming/,빠르게 활용하는 파이썬 3 프로그래밍
https://wikibook.co.kr/software-creativity-2-0/,소프트웨어 크리에이티비티 2.0
https://wikibook.co.kr/pro-spring-2-5/,프로 스프링 2.5
https://wikibook.co.kr/silverlight-2/,실버라이트 2 인 액션
https://wikibook.co.kr/css-definitive-guide/,CSS 완벽 가이드
https://wikibook.co.kr/thoughtworks-anthology/,소트웍스 앤솔러지
https://wikibook.co.kr/communicating-design/,UX 디자인 커뮤니케이션
https://wikibook.co.kr/i-became-pm/,도와주세요! 팀장이 됐어요
https://wikibook.co.kr/soa-using-java-web-services/,SOA
https://wikibook.co.kr/continuous-integration/,지속적인 통합
https://wikibook.co.kr/prototype-and-scriptaculous-in-action/,Prototype & Scriptaculous 인 액션
https://wikibook.co.kr/designing-with-web-standards/,제프리 젤드만의 웹표준 가이드
https://wikibook.co.kr/release-it/,Release It 릴리스 잇
https://wikibook.co.kr/ajax-in-practice/,Ajax 인 프랙티스
https://wikibook.co.kr/smart-and-gets-things-done/,똑똑하고 일 잘하는 개발자 모시기
https://wikibook.co.kr/implementing-lean/,린 소프트웨어 개발의 적용
https://wikibook.co.kr/ship-it/,Ship it! 성공적인 소프트웨어 개발 프로젝트를 위한 실용 가이드
https://wikibook.co.kr/jruby-on-rails/,쉽게 배우는 JRuby on Rails
https://wikibook.co.kr/refactoring-databases/,리팩토링 데이터베이스
https://wikibook.co.kr/ibatis-in-action/,iBATIS 인 액션
https://wikibook.co.kr/behind-closed-doors/,실천가를 위한 실용주의 프로젝트 관리
https://wikibook.co.kr/software-conflict-2/,소프트웨어 컨플릭트 2.0 [재출간판]
